{
  "BLEU-4": 0.0,
  "ROUGE-1": 0.039276023352497524,
  "ROUGE-L": 0.02131204785478474,
  "METEOR": 0.022362066954736727,
  "avg_prediction_length": 7.910369068541301,
  "avg_reference_length": 11.0597539543058
}