{
  "BLEU-4": 0.038085121426410184,
  "ROUGE-1": 0.38707117128821467,
  "ROUGE-L": 0.38724989525591486,
  "METEOR": 0.36619278472303096,
  "avg_prediction_length": 3.922671353251318,
  "avg_reference_length": 11.0597539543058
}