{
  "BLEU-4": 0.008380678231315712,
  "ROUGE-1": 0.16837413688751907,
  "ROUGE-L": 0.16548293049071078,
  "METEOR": 0.16530108929592155,
  "avg_prediction_length": 3.9786724700761695,
  "avg_reference_length": 16.38063112078346
}