{
  "BLEU-4": 0.0010271816183460747,
  "ROUGE-1": 0.06031918503462243,
  "ROUGE-L": 0.04305745901488793,
  "METEOR": 0.029204267164577715,
  "avg_prediction_length": 8.466376496191513,
  "avg_reference_length": 16.38063112078346
}